hwd;pronSampa;ipa
farese;f A r\ eI z i:;fɑɹ?ziː
crier;k r\ aI 3:r;kɹ?ɜ:r
swerve;s w 3:r v;swɜ:rv
kitamura;k i: 4 A m U r\ @;kiːɾɑmʊɹə
hawthorne's;h O: T O: r\ n z;hOːθOːɹnz
wassel;w O: s @ l;wOːsəl
belabores;b i l eI b 3:r z;bil?bɜ:rz
interactions;I n t 3:r { k S @ n z;ɪntɜ:rækʃənz
reuters;r\ OI 4 3:r z;ɹ?ɾɜ:rz
tesoro's;t E s O: r\ @U z;tɛsOːɹoʊz
poisons;p OI z @ n z;p?zənz
commercialized;k @ m 3:r S @ l aI z d;kəmɜ:rʃəl?zd
kravetz;k r\ { v i t s;kɹævits
gated;g eI 4 i d;g?ɾid
applicants';{ p l @ k @ n t s;æpləkənts
exhausting;i g z O: s t i N;igzOːstiŋ
viscuso;v i: s k u s @U;viːskusoʊ
moliere;m @U l j E r\;moʊljɛɹ
reddoch;r\ E 4 @ k;ɹɛɾək
briggstone;b r\ I g s t @U n;bɹɪgstoʊn
garton;g A r\ t @ n;gɑɹtən
akita;@ k i: 4 @;əkiːɾə
fortify;f O: r\ 4 i f aI;fOːɹɾif?
berna;b E r\ n @;bɛɹnə
dating;d eI 4 i N;d?ɾiŋ
gullies;g V l i: z;gʌliːz
dickason;d I k @ s @ n;dɪkəsən
objectivity;A b dZ E k t I v i 4 i:;ɑb?ɛktɪviɾiː
fragmentation;f r\ { g m @ n t eI S @ n;fɹægmənt?ʃən
user;j u z 3:r;juzɜ:r
vardon;v A r\ d O: n;vɑɹdOːn
conners;k A n 3:r z;kɑnɜ:rz
mcclees;m @ k l i: z;məkliːz
ogilvie;A dZ i l v i:;ɑ?ilviː
alvare(2);{ l v A r\;ælvɑɹ
asberry;{ s b E r\ i:;æsbɛɹiː
heifetz;h aI f i t s;h?fits
cafferty;k { f 3:r 4 i:;kæfɜ:rɾiː
constituent;k @ n s t I tS u @ n t;kənstɪ?uənt
victoria;v i k t O: r\ i: @;viktOːɹiːə
ciminero;s i: m i n E r\ @U;siːminɛɹoʊ
gardea;g A r\ 4 i: @;gɑɹɾiːə
polygon;p A l i g A n;pɑligɑn
frantz;f r\ { n t s;fɹænts
vista's;v I s t @ z;vɪstəz
libration;l aI b r\ eI S @ n;l?bɹ?ʃən
polaroids;p @U l 3:r OI d z;poʊlɜ:r?dz
ringeisen;r\ I N g aI s @ n;ɹɪŋg?sən
craventy's;k r\ eI v @ n t i: z;kɹ?vəntiːz
isolate;aI s @ l eI t;?səl?t
absorbency;@ b z O: r\ b @ n s i:;əbzOːɹbənsiː
composer's;k @ m p @U z 3:r z;kəmpoʊzɜ:rz
bhatia(2);b A t j @;bɑtjə
lacourse;l @ k U r\ s;ləkʊɹs
centigrade;s E n t @ g r\ eI d;sɛntəgɹ?d
manzi;m { n z i:;mænziː
that(2);D @ t;ðət
coincidentally;k @U I n s i d E n t @ l i:;koʊɪnsidɛntəliː
rivaling(2);r\ aI v l i N;ɹ?vliŋ
chronically(2);k r\ A n i k l i:;kɹɑnikliː
pastula;p A s t u l @;pɑstulə
transformational;t r\ { n s f 3:r m eI S @ n @ l;tɹænsfɜ:rm?ʃənəl
trusted;t r\ V s t i d;tɹʌstid
ravenswood;r\ eI v @ n z w U d;ɹ?vənzwʊd
snuffs;s n V f s;snʌfs
bergschneider;b 3:r g S n aI 4 3:r;bɜ:rgʃn?ɾɜ:r
multitude(2);m V l t @ t j u d;mʌltətjud
dimenaci;d I m E @ tS i:;dɪmɛə?iː
cabernets(2);k { b 3:r n eI z;kæbɜ:rn?z
stiers;s t aI 3:r z;st?ɜ:rz
marse;m A r\ s;mɑɹs
pfeifer;f aI f 3:r;f?fɜ:r
countercharge;k aU n t 3:r tS A r\ dZ;k?ntɜ:r?ɑɹ?
movingly;m u v i N l i:;muviŋliː
precise;p r\ i s aI s;pɹis?s
scythian;s I T i: @ n;sɪθiːən
bertolino;b 3:r 4 @U l i: n @U;bɜ:rɾoʊliːnoʊ
koman;k @U m @ n;koʊmən
pungent;p V n dZ @ n t;pʌn?ənt
eos;i: A s;iːɑs
interrogate;i n t E r\ @ g eI t;intɛɹəg?t
troxell;t r\ A k s @ l;tɹɑksəl
braver;b r\ eI v 3:r;bɹ?vɜ:r
paszkiewicz;p A S k @ v i tS;pɑʃkəvi?
hours;aU 3:r z;?ɜ:rz
malinski;m @ l I n s k i:;məlɪnskiː
zwerdling;z w 3:r d l i N;zwɜ:rdliŋ
scarbro;s k A r\ b r\ @U;skɑɹbɹoʊ
oversewing;@U v 3:r s @U i N;oʊvɜ:rsoʊiŋ
correale;k O: r\ i: @ l;kOːɹiːəl
falcons;f { l k @ n z;fælkənz
vise;v aI s;v?s
dollop;d A l @ p;dɑləp
olson's;@U l s @ n z;oʊlsənz
hackneyed;h { k n i: d;hækniːd
bidco;b I d k @U;bɪdkoʊ
lipstick;l I p s t I k;lɪpstɪk
nations';n eI S @ n z;n?ʃənz
maston;m { s t @ n;mæstən
kirshenbaum;k 3:r S @ n b aU m;kɜ:rʃənb?m
traugott;t r\ aU g @ t;tɹ?gət
carrano;k A r\ A n @U;kɑɹɑnoʊ
rockafellow;r\ A k @ f E l @U;ɹɑkəfɛloʊ
doan;d @U n;doʊn
definitely;d E f @ n @ t l i:;dɛfənətliː
kept;k E p t;kɛpt
fjelstad;f j E l s t @ d;fjɛlstəd
refuseniks;r\ i f j u z n i k s;ɹifjuzniks
sima;s i: m @;siːmə
winstead;w I n s t E d;wɪnstɛd
donohue's;d A n @ h j u z;dɑnəhjuz
naturalists(4);n { tS r\ @ l i s s;næ?ɹəliss
yatsko;j A t s k @U;jɑtskoʊ
lemarr;l E m 3:r;lɛmɜ:r
osage;@U s eI dZ;oʊs??
chivers;tS aI v 3:r z;??vɜ:rz
setzler;s E t s l 3:r;sɛtslɜ:r
daimler's;d eI m l 3:r z;d?mlɜ:rz
statistics;s t @ t I s t i k s;stətɪstiks
dependeth;d i p E n d i T;dipɛndiθ
sebastiane;s @ b { s t i: E n;səbæstiːɛn
talcum;t { l k @ m;tælkəm
teeters;t i: 4 3:r z;tiːɾɜ:rz
paterson;p { 4 3:r s @ n;pæɾɜ:rsən
sebring;s i: b r\ i N;siːbɹiŋ
establishes;i s t { b l i S i z;istæbliʃiz
govpx;g V v p i: E k s;gʌvpiːɛks
welcomes;w E l k @ m z;wɛlkəmz
refreshments;r\ @ f r\ E S m @ n t s;ɹəfɹɛʃmənts
liza;l i: z @;liːzə
kachigian(2);k @ S I g i: @ n;kəʃɪgiːən
windmere's;w I n d m I r\ z;wɪndmɪɹz
dellinger;d E l i N 3:r;dɛliŋɜ:r
osaka;@U s A k @;oʊsɑkə
eichler(2);aI k l 3:r;?klɜ:r
letup;l E t V p;lɛtʌp
wojtkowski;w OI t k aU s k i:;w?tk?skiː
halladay;h { l @ d eI;hæləd?
streich;s t r\ aI k;stɹ?k
labow;l { b @U;læboʊ
rieders;r\ i: 4 3:r z;ɹiːɾɜ:rz
feedlot;f i: d l A t;fiːdlɑt
elevating;E l @ v eI 4 i N;ɛləv?ɾiŋ
jaw;dZ O:;?Oː
tartan;t A r\ t @ n;tɑɹtən
viramontes;v i r\ A m @U n t E s;viɹɑmoʊntɛs
bikin;b I k i n;bɪkin
clanging;k l { N i N;klæŋiŋ
minstrels;m I n s t r\ @ l z;mɪnstɹəlz
dispensary;d i s p E n s 3:r i:;dispɛnsɜ:riː
osterholt;A s t 3:r h @U l t;ɑstɜ:rhoʊlt
consumerists(3);k @ n s u m 3:r i s;kənsumɜ:ris
drainage(2);d r\ eI n i dZ;dɹ?ni?
squalor;s k w A l 3:r;skwɑlɜ:r
cougars;k u g 3:r z;kugɜ:rz
spalvins;s p { l v i n z;spælvinz
homogeneity;h A m @ dZ @ n i: @ 4 i:;hɑmə?əniːəɾiː
gemfibrozil;g E m f i b r\ @U z @ l;gɛmfibɹoʊzəl
seagraves;s i: g r\ eI v z;siːgɹ?vz
carinii;k E r\ i: n i:;kɛɹiːniː
doutt;d aU t;d?t
adulterate;@ d V l t 3:r eI t;ədʌltɜ:r?t
antony;{ n t @ n i:;æntəniː
ettlinger;E t l i N 3:r;ɛtliŋɜ:r
mnemonic(2);n i: m A n i k;niːmɑnik
bellhop;b E l h A p;bɛlhɑp
enhancements;E n h { n s m @ n t s;ɛnhænsmənts
tenderloin;t E n d 3:r l OI n;tɛndɜ:rl?n
scavenge;s k { v @ n dZ;skævən?
alexandre;{ l i k s A n d 3:r;æliksɑndɜ:r
barner;b A r\ n 3:r;bɑɹnɜ:r
bagdasarian;b { g d @ s E r\ i: @ n;bægdəsɛɹiːən
selkin;s E l k i n;sɛlkin
binnacle;b I n @ k @ l;bɪnəkəl
non;n A n;nɑn
cato;k eI 4 @U;k?ɾoʊ
loral;l O: r\ @ l;lOːɹəl
absentees;{ b s @ n t i: z;æbsəntiːz
nickolas;n I k @ l @ z;nɪkələz
arlauskas;A r\ l O: s k @ s;ɑɹlOːskəs
denunciation;d i n V n s i: eI S @ n;dinʌnsiː?ʃən
gebbie;dZ E b i:;?ɛbiː
howitt;h aU i t;h?it
porcupines;p O: r\ k j @ p aI n z;pOːɹkjəp?nz
gospel(2);g O: s p @ l;gOːspəl
petard(2);p @ t A d;pətɑd
charities(2);tS E r\ i 4 i: z;?ɛɹiɾiːz
vanbuskirk;v { n b V s k 3:r k;vænbʌskɜ:rk
rudolf;r\ u d A l f;ɹudɑlf
ceccarelli;tS E k 3:r E l i:;?ɛkɜ:rɛliː
tents;t E n t s;tɛnts
wrangling;r\ { N g @ l i N;ɹæŋgəliŋ
behaviorists(3);b i h eI v j 3:r i s;bih?vjɜ:ris
snively;s n aI v l i:;sn?vliː
statesman;s t eI t s m @ n;st?tsmən
elizabethtown;@ l I z @ b E T t aU n;əlɪzəbɛθt?n
gidget;g I dZ @ t;gɪ?ət
vaguine;v @ g w i: n;vəgwiːn
greece;g r\ i: s;gɹiːs
campanelli;k A m p A n E l i:;kɑmpɑnɛliː
niles;n aI l z;n?lz
radicals;r\ { 4 @ k @ l z;ɹæɾəkəlz
horseback;h O: r\ s b { k;hOːɹsbæk
berber;b 3:r b 3:r;bɜ:rbɜ:r
mazer;m eI z 3:r;m?zɜ:r
lustful;l V s t f @ l;lʌstfəl
thanh;T { n;θæn
scary;s k E r\ i:;skɛɹiː
scholar's;s k A l 3:r z;skɑlɜ:rz
auditing;A 4 @ 4 i N;ɑɾəɾiŋ
lungs;l V N z;lʌŋz
begin-parens;b i g I n p 3:r E n z;bigɪnpɜ:rɛnz
wow;w aU;w?
poveromo;p @U v E r\ @U m @U;poʊvɛɹoʊmoʊ
pastime;p { s t aI m;pæst?m
adhesives(2);@ d h i: s i v z;ədhiːsivz
clawson;k l O: s @ n;klOːsən
kenyans;k E n j @ n z;kɛnjənz
alzheimer's(2);A t s z h aI m 3:r z;ɑtszh?mɜ:rz
aus;aU z;?z
nania;n A n i: @;nɑniːə
mortier;m O: r\ 4 i: 3:r;mOːɹɾiːɜ:r
cannibalizing;k { n @ b @ l aI z i N;kænəbəl?ziŋ
millard's;m I l 3:r d z;mɪlɜ:rdz
pursley;p 3:r s l i:;pɜ:rsliː
bastions;b { s tS @ n z;bæs?ənz
gonsalez;g @U n s A l E z;goʊnsɑlɛz
fisted;f I s t i d;fɪstid
mormon;m O: r\ m @ n;mOːɹmən
koyo;k OI @U;k?oʊ
allderdice;A l d 3:r d aI s;ɑldɜ:rd?s
manicure;m { n i k j 3:r;mænikjɜ:r
rochefort(3);r\ A k f 3:r t;ɹɑkfɜ:rt
fertility;f 3:r t I l @ 4 i:;fɜ:rtɪləɾiː
arkadelphia;A r\ k @ d E l f i: @;ɑɹkədɛlfiːə
malnutrition;m { l n u t r\ I S @ n;mælnutɹɪʃən
deactivate;d i: { k t i v eI t;diːæktiv?t
frerking;f r\ 3:r k i N;fɹɜ:rkiŋ
tyo;t aI @U;t?oʊ
horizontally;h O: r\ i z A n t @ l i:;hOːɹizɑntəliː
stegemeier;s t E g m aI r\;stɛgm?ɹ
jews;dZ u z;?uz
dorland;d O: r\ l @ n d;dOːɹlənd
jolting;dZ @U l t i N;?oʊltiŋ
hatchery;h { tS 3:r i:;hæ?ɜ:riː
goyim;g OI i m;g?im
modarressi;m @U d A r\ E s i:;moʊdɑɹɛsiː
nellette;n E l E t;nɛlɛt
wrangling(2);r\ { N g l i N;ɹæŋgliŋ
coufal;k u f { l;kufæl
tyree;t aI r\ i:;t?ɹiː
duchy;d V tS i:;dʌ?iː
wessler;w E s l 3:r;wɛslɜ:r
retroactively;r\ E t r\ @U { k t i v l i:;ɹɛtɹoʊæktivliː
schering's;S E r\ i N z;ʃɛɹiŋz
riojas;r\ i: @U j A z;ɹiːoʊjɑz
heggen;h E g @ n;hɛgən
liaison;l i: eI z A n;liː?zɑn
covering;k V v 3:r i N;kʌvɜ:riŋ
actinidia;{ k t i n I 4 i: @;æktinɪɾiːə
rumbling's;r\ V m b @ l i N z;ɹʌmbəliŋz
intuitive;i n t u @ 4 i v;intuəɾiv
unpayable;@ n p eI @ b @ l;ənp?əbəl
castellanos;k A s t eI l A n @U z;kɑst?lɑnoʊz
mariette;m E r\ i: E t;mɛɹiːɛt
czarist;z A r\ i s t;zɑɹist
vadas;v A 4 A z;vɑɾɑz
dudeck's;d u 4 E k s;duɾɛks
selders;s E l d 3:r z;sɛldɜ:rz
seater;s i: 4 3:r;siːɾɜ:r
databases;d eI 4 @ b eI s i z;d?ɾəb?siz
chun;tS V n;?ʌn
karras;k { r\ @ z;kæɹəz
procession;p r\ @ s E S @ n;pɹəsɛʃən
girls;g 3:r l z;gɜ:rlz
deployment;d i p l OI m @ n t;dipl?mənt
archivists;A r\ k @ v i s t s;ɑɹkəvists
milkens';m I l k @ n z;mɪlkənz
hammett;h { m i t;hæmit
kemler;k E m l 3:r;kɛmlɜ:r
bartek;b A r\ t E k;bɑɹtɛk
hesketh;h E s k i T;hɛskiθ
constantino;k A n s t @ n t i: n @U;kɑnstəntiːnoʊ
isotopic;aI s @ t A p i k;?sətɑpik
bureaucrats(2);b j U r\ @U k r\ { t s;bjʊɹoʊkɹæts
harrer;h A r\ 3:r;hɑɹɜ:r
collectibility;k @ l E k t i b I l i 4 i:;kəlɛktibɪliɾiː
yassir(2);j A s i r\;jɑsiɹ
wyss;w I s;wɪs
lohse;l @U s;loʊs
deltaic;d E l t eI i k;dɛlt?ik
stranded;s t r\ { n d @ d;stɹændəd
credence;k r\ i: d @ n s;kɹiːdəns
wobbe;w A b;wɑb
rays;r\ eI z;ɹ?z
grapes;g r\ eI p s;gɹ?ps
bukavu's;b u k A v u z;bukɑvuz
pechman;p E k m @ n;pɛkmən
wizards;w I z 3:r d z;wɪzɜ:rdz
additions;@ d I S @ n z;ədɪʃənz
rutgard;r\ V t g A r\ d;ɹʌtgɑɹd
sweeps;s w i: p s;swiːps
criminologists;k r\ I m i n A l @ dZ i s t s;kɹɪminɑlə?ists
digitally;d I dZ @ 4 @ l i:;dɪ?əɾəliː
windish;w I n d i S;wɪndiʃ
technologists(3);t E k n A l @ dZ i s;tɛknɑlə?is
creviston;k r\ E v i s t A n;kɹɛvistɑn
gerontologist;dZ E r\ @ n t A l @ dZ i s t;?ɛɹəntɑlə?ist
hixon;h I k s @ n;hɪksən
pealer;p i: l 3:r;piːlɜ:r
kelvin(2);k E l v i n;kɛlvin
internacional;I n t 3:r n { S @ n @ l;ɪntɜ:rnæʃənəl
brasseur;b r\ { s 3:r;bɹæsɜ:r
iranian;i r\ A n i: @ n;iɹɑniːən
millican;m I l i k @ n;mɪlikən
lectured;l E k tS 3:r d;lɛk?ɜ:rd
bliley;b l aI l i:;bl?liː
wilkins;w I l k i n z;wɪlkinz
travels;t r\ { v @ l z;tɹævəlz
saxons;s { k s @ n z;sæksənz
sleepwalker;s l i: p w O: k 3:r;sliːpwOːkɜ:r
piecuch;p i: k @ k;piːkək
rotman;r\ A t m @ n;ɹɑtmən
anson;{ n s @ n;ænsən
arab(2);E r\ @ b;ɛɹəb
tuesday(3);t j u z d eI;tjuzd?
delano;d i l A n @U;dilɑnoʊ
holes;h @U l z;hoʊlz
environmentally;i n v aI r\ @ n m E n t @ l i:;inv?ɹənmɛntəliː
musavi;m j u s A v i:;mjusɑviː
polarity;p @U l E r\ @ 4 i:;poʊlɛɹəɾiː
horde;h O: r\ d;hOːɹd
hayward;h eI w 3:r d;h?wɜ:rd
unelectable;V n i l E k t @ b @ l;ʌnilɛktəbəl
mcdevitt;m @ k d E v @ t;məkdɛvət
lapier;l eI p i: 3:r;l?piːɜ:r
coasts;k @U s t s;koʊsts
exporters;i k s p O: r\ 4 3:r z;ikspOːɹɾɜ:rz
ad-lib;{ d l I b;ædlɪb
gyp;dZ I p;?ɪp
f's;E f s;ɛfs
bratt;b r\ { t;bɹæt
medusa;m @ d u s @;mədusə
portfolio's;p O: r\ t f @U l i: @U z;pOːɹtfoʊliːoʊz
footnoting;f U t n @U 4 i N;fʊtnoʊɾiŋ
imari;i m A r\ i:;imɑɹiː
placements;p l eI s m @ n t s;pl?smənts
swiftest;s w I f t @ s t;swɪftəst
accompany;@ k V m p @ n i:;əkʌmpəniː
underrate;@ n d 3:r r\ eI t;əndɜ:rɹ?t
sophomoric;s A f @U m A r\ i k;sɑfoʊmɑɹik
quinto;k w I n t @U;kwɪntoʊ
brister;b r\ I s t 3:r;bɹɪstɜ:r
muffle;m V f @ l;mʌfəl
slid;s l I d;slɪd
miraculously;m 3:r { k j @ l @ s l i:;mɜ:rækjələsliː
messenger(2);m E s i n dZ 3:r;mɛsin?ɜ:r
senile;s i: n aI l;siːn?l
respects(4);r\ i: s p E k s;ɹiːspɛks
diefenderfer;d i: f i n d 3:r f 3:r;diːfindɜ:rfɜ:r
subject;s @ b dZ E k t;səb?ɛkt
suprenant;s u p r\ eI n @ n t;supɹ?nənt
cardinal(2);k A r\ d i n @ l;kɑɹdinəl
plaudit;p l O: 4 i t;plOːɾit
paetz;p i: t s;piːts
neice;n i: s;niːs
counterproposals;k aU n t 3:r p r\ @ p @U z @ l z;k?ntɜ:rpɹəpoʊzəlz
existential(2);E k s I s t E n S @ l;ɛksɪstɛnʃəl
educating(2);E dZ j u k eI 4 i N;ɛ?juk?ɾiŋ
steen;s t i: n;stiːn
mangus;m { N g i s;mæŋgis
stretcher;s t r\ E tS 3:r;stɹɛ?ɜ:r
foxworthy;f A k s w 3:r D i:;fɑkswɜ:rðiː
kimono;k @ m @U n @;kəmoʊnə
zobel;z @U b @ l;zoʊbəl
du;d u;du
frightful;f r\ aI t f @ l;fɹ?tfəl
edmonda;E d m A n d @;ɛdmɑndə
skolnick;s k @U l n i k;skoʊlnik
yarmulke;j A r\ m V l k @;jɑɹmʌlkə
macon;m eI k @ n;m?kən
dorea;d O: r\ i: @;dOːɹiːə
instrumentalists(2);I n s t r\ @ m E n t @ l i s s;ɪnstɹəmɛntəliss
kreitz;k r\ i: t s;kɹiːts
bolshoi's;b @U l S OI z;boʊlʃ?z
crest;k r\ E s t;kɹɛst
carve;k A r\ v;kɑɹv
scheffel;S E f @ l;ʃɛfəl
misinterpreting;m i s i n t 3:r p r\ @ 4 i N;misintɜ:rpɹəɾiŋ
werder;w 3:r 4 3:r;wɜ:rɾɜ:r
vindicated;v I n d @ k eI 4 i d;vɪndək?ɾid
iowa's;aI @ w @ z;?əwəz
hower;h aU 3:r;h?ɜ:r
streety;s t r\ i: 4 i:;stɹiːɾiː
mcdougals';m @ k d u g @ l z;məkdugəlz
annandale;{ n @ n d eI l;ænənd?l
filch;f I l tS;fɪl?
potter's;p A 4 3:r z;pɑɾɜ:rz
zeroes(2);z i: r\ @U z;ziːɹoʊz
biegler(2);b i: g l 3:r;biːglɜ:r
vanhyning;v { n h aI n i N;vænh?niŋ
leabo;l i: b @U;liːboʊ
pedroso;p eI d r\ @U s @U;p?dɹoʊsoʊ
ducker;d V k 3:r;dʌkɜ:r
lamonte;l A m A n t;lɑmɑnt
interventionist(2);I n 3:r v E n S @ n i s t;ɪnɜ:rvɛnʃənist
dynamical;d aI n { m i k @ l;d?næmikəl
heckuva;h E k j u v @;hɛkjuvə
eruption;i r\ V p S @ n;iɹʌpʃən
i'm;aI m;?m
adding;{ 4 i N;æɾiŋ
sickel;s I k @ l;sɪkəl
orchestra;O: r\ k @ s t r\ @;Oːɹkəstɹə
isay;aI s eI;?s?
supplementary(2);s V p l @ m E n 3:r i:;sʌpləmɛnɜ:riː
baboons(2);b @ b u n z;bəbunz
barron's;b { r\ @ n z;bæɹənz
curreri;k U r\ E r\ i:;kʊɹɛɹiː
slinker;s l I N k 3:r;slɪŋkɜ:r
piver;p aI v 3:r;p?vɜ:r
mctavish;m @ k t eI v i S;məkt?viʃ
whisenhunt(2);h w aI z @ n h V n t;hw?zənhʌnt
seaworthy;s i: w O: r\ D i:;siːwOːɹðiː
inserra;i n s E r\ @;insɛɹə
amicus;@ m i: k @ s;əmiːkəs
resists(4);r\ i: z I s s;ɹiːzɪss
proficiency;p r\ @ f I S @ n s i:;pɹəfɪʃənsiː
raditz;r\ eI 4 i t s;ɹ?ɾits
mobile;m @U b @ l;moʊbəl
particles;p A r\ 4 @ k @ l z;pɑɹɾəkəlz
barbanel;b A r\ b @ n @ l;bɑɹbənəl
benetton's(2);b E n @ t O: n z;bɛnətOːnz
kerr;k 3:r;kɜ:r
nonpacifists(3);n A n p { s i f i s;nɑnpæsifis
bayside;b eI s aI d;b?s?d
inured;i n j U r\ d;injʊɹd
agents';eI dZ @ n t s;??ənts
analysts;{ n @ l @ s t s;ænələsts
deceitful;d @ s i: t f @ l;dəsiːtfəl
boccuzzi;b @U k u t s i:;boʊkutsiː
schmead;S m i: d;ʃmiːd
tessler;t E s l 3:r;tɛslɜ:r
thornley;T O: r\ n l i:;θOːɹnliː
fajardo;f A j A r\ 4 @U;fɑjɑɹɾoʊ
buechele;b j u k @ l;bjukəl
galeano;g A l i: n @U;gɑliːnoʊ
pod;p A d;pɑd
engined;E n dZ @ n d;ɛn?ənd
honored;A n 3:r d;ɑnɜ:rd
abril;@ b r\ I l;əbɹɪl
danowski;d @ n O: f s k i:;dənOːfskiː
retracing;r\ i: t r\ eI s i N;ɹiːtɹ?siŋ
heisbourg;h aI s b O: r\ g;h?sbOːɹg
vigue;v i: g;viːg
byron's;b aI r\ @ n z;b?ɹənz
dicola;d i k @U l @;dikoʊlə
pelissier;p E l i s i: 3:r;pɛlisiːɜ:r
hinkle;h I N k @ l;hɪŋkəl
stratocaster;s t r\ { 4 @U k { s t 3:r;stɹæɾoʊkæstɜ:r
katashiba;k { 4 @ S i: b @;kæɾəʃiːbə
caleca;k A l E k @;kɑlɛkə
jamieson;dZ eI m i s @ n;??misən
disabuse(2);d i s @ b j u z;disəbjuz
mcleod;m @ k l aU d;məkl?d
samaniego;s A m A n i: g @U;sɑmɑniːgoʊ
inventors;i n v E n t 3:r z;invɛntɜ:rz
environmental(2);i n v aI r\ @ n m E n @ l;inv?ɹənmɛnəl
shalala;S @ l eI l @;ʃəl?lə
prugh;p r\ u;pɹu
demisch;d @ m I S;dəmɪʃ
reflected;r\ @ f l E k t @ d;ɹəflɛktəd
bloodstains;b l V d s t eI n z;blʌdst?nz
dost;d A s t;dɑst
peddled;p E 4 @ l d;pɛɾəld
scarpino;s k A r\ p i: n @U;skɑɹpiːnoʊ
curacao;k j U r\ @ s aU;kjʊɹəs?
geodesic;dZ i: @ d E s i k;?iːədɛsik
dade;d eI d;d?d
rascal;r\ { s k @ l;ɹæskəl
prody;p @U 4 i:;poʊɾiː
kika;k I k @;kɪkə
daman;d eI m @ n;d?mən
choke;tS @U k;?oʊk
wessinger;w E s i n dZ 3:r;wɛsin?ɜ:r
sposito;s p @U s i: 4 @U;spoʊsiːɾoʊ
lopata;l @U p A 4 @;loʊpɑɾə
urine(2);j U r\ @ n;jʊɹən
haring;h E r\ i N;hɛɹiŋ
nationair;n eI S @ n E r\;n?ʃənɛɹ
medellin;m i d E l i n;midɛlin
sweetest;s w i: 4 @ s t;swiːɾəst
kosakowski;k @ s @ k O: f s k i:;kəsəkOːfskiː
starlit;s t A r\ l i t;stɑɹlit
william;w I l j @ m;wɪljəm
genera;dZ E n 3:r @;?ɛnɜ:rə
qualification;k w A l @ f @ k eI S @ n;kwɑləfək?ʃən
ryen;r\ aI @ n;ɹ?ən
smote;s m @U t;smoʊt
forsythia(2);f O: r\ s I D i: @;fOːɹsɪðiːə
squabbles;s k w A b @ l z;skwɑbəlz
guardrails;g A r\ d r\ eI l z;gɑɹdɹ?lz
bey;b eI;b?
mcnerney;m @ k n 3:r n i:;məknɜ:rniː
screwed;s k r\ u d;skɹud
triad's;t r\ aI { d z;tɹ?ædz
specimen;s p E s @ m @ n;spɛsəmən
fragrances;f r\ eI g r\ @ n s @ z;fɹ?gɹənsəz
vendetta;v E n d E 4 @;vɛndɛɾə
ratepayer;r\ eI t p eI 3:r;ɹ?tp?ɜ:r
lunacy;l u n @ s i:;lunəsiː
bierbaum;b I r\ b aU m;bɪɹb?m
mae;m eI;m?
hoshaw;h A S O:;hɑʃOː
direction(2);d i r\ E k S i n;diɹɛkʃin
woolverton;w U l v 3:r t @ n;wʊlvɜ:rtən
hobbles;h A b @ l z;hɑbəlz
murdoch's;m 3:r 4 A k s;mɜ:rɾɑks
hughey(3);j u i:;juiː
tokkin;t A k i n;tɑkin
sternhagen;s t 3:r n h @ g @ n;stɜ:rnhəgən
simonin;s I m @ n i n;sɪmənin
nantes;n { n t s;nænts
bedell;b E 4 @ l;bɛɾəl
klich;k l I tS;klɪ?
wessling;w E s @ l i N;wɛsəliŋ
hershberger;h 3:r S b 3:r g 3:r;hɜ:rʃbɜ:rgɜ:r
clerk;k l 3:r k;klɜ:rk
couplings;k V p l i N z;kʌpliŋz
hussar;h V s 3:r;hʌsɜ:r
hemlock;h E m l A k;hɛmlɑk
dornin;d O: n i n;dOːnin
competes;k @ m p i: t s;kəmpiːts
elvira;E l v aI r\ @;ɛlv?ɹə
hawkish;h O: k i S;hOːkiʃ
sherbert;S 3:r b 3:r t;ʃɜ:rbɜ:rt
obregon;A b r\ i g @ n;ɑbɹigən
arbitrator;A r\ b i t r\ eI 4 3:r;ɑɹbitɹ?ɾɜ:r
haut;h O: t;hOːt
schram;S r\ { m;ʃɹæm
brok;b r\ A k;bɹɑk
radermacher;r\ { 4 3:r m @ k 3:r;ɹæɾɜ:rməkɜ:r
however;h aU E v 3:r;h?ɛvɜ:r
rooter;r\ u 4 3:r;ɹuɾɜ:r
fondling;f A n d @ l i N;fɑndəliŋ
reining;r\ eI n i N;ɹ?niŋ
diede;d i: d;diːd
cremer;k r\ i: m 3:r;kɹiːmɜ:r
mcdaid;m @ k d eI d;məkd?d
reagor;r\ i: g 3:r;ɹiːgɜ:r
glorious;g l O: r\ i: @ s;glOːɹiːəs
dereliction;d E r\ @ l I k S @ n;dɛɹəlɪkʃən
frate;f r\ eI t;fɹ?t
buga(2);b i: j u dZ i: eI;biːju?iː?
houghton's;h O: t @ n z;hOːtənz
rottman;r\ A t m @ n;ɹɑtmən
siderographer;s aI 4 3:r O: g r\ @ f 3:r;s?ɾɜ:rOːgɹəfɜ:r
satirizes;s { 4 3:r aI z i z;sæɾɜ:r?ziz
brother;b r\ V D 3:r;bɹʌðɜ:r
pluribus;p l U r\ i b @ s;plʊɹibəs
mandeville;m { n d @ v I l;mændəvɪl
schaufler(2);S aU f l 3:r;ʃ?flɜ:r
posners(2);p O: z n 3:r z;pOːznɜ:rz
stabilize;s t eI b @ l aI z;st?bəl?z
cummiskey;k V m i s k i:;kʌmiskiː
penciled;p E n s @ l d;pɛnsəld
fenelon;f E n i l A n;fɛnilɑn
petted(2);p E 4 i d;pɛɾid
tightness;t aI t n @ s;t?tnəs
stokke;s t A k;stɑk
fitzharris;f i t s h { r\ i s;fitshæɹis
kirkby;k 3:r k b i:;kɜ:rkbiː
holly's;h A l i: z;hɑliːz
guimont;g i m A n t;gimɑnt
montesano;m @U n t E s A n @U;moʊntɛsɑnoʊ
curfews;k 3:r f j u z;kɜ:rfjuz
echoes;E k @U z;ɛkoʊz
alusuisse;{ l j u s w I s;æljuswɪs
rearick;r\ I r\ i k;ɹɪɹik
competitive;k @ m p E 4 @ 4 i v;kəmpɛɾəɾiv
spades;s p eI d z;sp?dz
schoenherr;S @U n h 3:r;ʃoʊnhɜ:r
duffin;d V f i n;dʌfin
ledonne;l E d @ n;lɛdən
falls;f O: l z;fOːlz
weissmann;w aI s m @ n;w?smən
hartis;h A r\ 4 i s;hɑɹɾis
carville's;k A r\ v I l z;kɑɹvɪlz
quain;k w eI n;kw?n
shepard's;S E p 3:r d z;ʃɛpɜ:rdz
pluth;p l u T;pluθ
boecker;b @U k 3:r;boʊkɜ:r
deborah(2);d E b r\ @;dɛbɹə
inefficient;i n i f I S @ n t;inifɪʃənt
frisina;f r\ i: s i: n @;fɹiːsiːnə
gnarl;n A r\ l;nɑɹl
exercisable;E k s 3:r s aI z @ b @ l;ɛksɜ:rs?zəbəl
gilpin;g I l p i n;gɪlpin
elapsed;i l { p s t;ilæpst
elisa;@ l i: s @;əliːsə
sorbus;s O: r\ b @ s;sOːɹbəs
notwithstanding;n A t w i T s t { n d i N;nɑtwiθstændiŋ
liles;l aI l z;l?lz
raiser;r\ eI z 3:r;ɹ?zɜ:r
complainer;k @ m p l eI n 3:r;kəmpl?nɜ:r
calpis;k { l p i s;kælpis
boustany;b u s t @ n i:;bustəniː
initiated(2);i n I S i: eI 4 i d;inɪʃiː?ɾid
dicello;d i s E l @U;disɛloʊ
minitel;m I n @ t E l;mɪnətɛl
heave;h i: v;hiːv
dreamy;d r\ i: m i:;dɹiːmiː
riad;r\ i: A d;ɹiːɑd
shockwave;S A k w eI v;ʃɑkw?v
entrail;E n t r\ @ l;ɛntɹəl
colan;k @U l @ n;koʊlən
defraud;d i f r\ O: d;difɹOːd
gammel;g { m @ l;gæməl
spokes;s p @U k s;spoʊks
retardation;r\ i: 4 A r\ d eI S @ n;ɹiːɾɑɹd?ʃən
goodwyn;g U d w I n;gʊdwɪn
harcourt;h A r\ k O: r\ t;hɑɹkOːɹt
geologist;dZ i: A l @ dZ @ s t;?iːɑlə?əst
meson;m eI z A n;m?zɑn
astronauts;{ s t r\ @ n O: t s;æstɹənOːts
fleecy;f l i: s i:;fliːsiː
plas;p l { s;plæs
werry;w E r\ i:;wɛɹiː
skura;s k U r\ @;skʊɹə
linsey-woolsey;l I n z i: w U l z i:;lɪnziːwʊlziː
milosevich;m i l A s i v i tS;milɑsivi?
naomi;n eI @U m i:;n?oʊmiː
activists'(2);{ k t i v i s;æktivis
dowie;d aU i:;d?iː
billboards;b I l b O: r\ d z;bɪlbOːɹdz
d'etre;d E t r\ i:;dɛtɹiː
baybank;b eI b { N k;b?bæŋk
lockneys(2);l A k n i: z;lɑkniːz
carella;k A r\ E l @;kɑɹɛlə
belair(2);b E l E r\;bɛlɛɹ
mild;m aI l d;m?ld
malia;m A l i: @;mɑliːə
imperia;i m p i: r\ i: @;impiːɹiːə
instigators;I n s t @ g eI 4 3:r z;ɪnstəg?ɾɜ:rz
crew;k r\ u;kɹu
procession(2);p r\ @U s E S @ n;pɹoʊsɛʃən
overwhelming;@U v 3:r w E l m i N;oʊvɜ:rwɛlmiŋ
quinoco;k w i n @U k @U;kwinoʊkoʊ
testament;t E s t @ m @ n t;tɛstəmənt
brougher;b r\ aU 3:r;bɹ?ɜ:r
commons;k A m @ n z;kɑmənz
superman;s u p 3:r m @ n;supɜ:rmən
regrouping;r\ i: g r\ u p i N;ɹiːgɹupiŋ
mathematicians;m { T @ m @ t I S @ n z;mæθəmətɪʃənz
advisors(2);@ d v aI z 3:r z;ədv?zɜ:rz
multitudes;m V l t @ t j u d z;mʌltətjudz
foodmaker;f u d m eI k 3:r;fudm?kɜ:r
rakoczy;r\ @ k @U tS i:;ɹəkoʊ?iː
comity;k @U m i 4 i:;koʊmiɾiː
faymonville;f eI m @ n v I l;f?mənvɪl
islands;aI l @ n d z;?ləndz
riggsbee;r\ I g z b i:;ɹɪgzbiː
ritthaler;r\ I T @ l 3:r;ɹɪθəlɜ:r
garda;g A r\ 4 @;gɑɹɾə
beckon;b E k @ n;bɛkən
desperado;d E s p 3:r A 4 @U;dɛspɜ:rɑɾoʊ
endorse;E n d O: r\ s;ɛndOːɹs
ender;E n d 3:r;ɛndɜ:r
crunchy;k r\ V n tS i:;kɹʌn?iː
snider;s n aI 4 3:r;sn?ɾɜ:r
hudnall;h V d n @ l;hʌdnəl
housand;h aU s @ n d;h?sənd
amusements;@ m j u z m @ n t s;əmjuzmənts
murrelet;m 3:r l i t;mɜ:rlit
dietsche;d i: tS;diː?
giannetti;dZ @ n E 4 i:;?ənɛɾiː
frostbite;f r\ O: s t b aI t;fɹOːstb?t
johny;dZ A n i:;?ɑniː
terrorists';t E r\ 3:r i s t s;tɛɹɜ:rists
dunkerley;d V N k 3:r l i:;dʌŋkɜ:rliː
kalberer;k { l b 3:r 3:r;kælbɜ:rɜ:r
statesman's;s t eI t s m @ n z;st?tsmənz
gorgon;g O: r\ g @ n;gOːɹgən
last's;l { s t s;læsts
angelinos(2);{ N g @ l i: n @U z;æŋgəliːnoʊz
kapler(2);k eI p l 3:r;k?plɜ:r
benbrook;b E n b r\ U k;bɛnbɹʊk
dray;d r\ eI;dɹ?
bready;b r\ E 4 i:;bɹɛɾiː
ugolini;u g @U l i: n i:;ugoʊliːniː
circuits;s 3:r k @ t s;sɜ:rkəts
inflates;i n f l eI t s;infl?ts
contacting;k A n t { k t i N;kɑntæktiŋ
unit(2);j u n i t;junit
americans;@ m E r\ @ k @ n z;əmɛɹəkənz
fridays;f r\ aI 4 i: z;fɹ?ɾiːz
cheane's;tS i: n z;?iːnz
townie;t aU n i:;t?niː
musical;m j u z i k @ l;mjuzikəl
atlantis';{ t l { n t i s;ætlæntis
fenjves(2);f E n v E z;fɛnvɛz
rippled;r\ I p @ l d;ɹɪpəld
golson;g @U l s @ n;goʊlsən
regiment;r\ E dZ @ m @ n t;ɹɛ?əmənt
quintela;k w i: n t eI l @;kwiːnt?lə
crabb;k r\ { b;kɹæb
flour(2);f l aU r\;fl?ɹ
fidgits;f I dZ i t s;fɪ?its
nibbles;n I b @ l z;nɪbəlz
schadler(2);S eI d l 3:r;ʃ?dlɜ:r
spiritualists(2);s p I r\ i tS @ w @ l i s s;spɪɹi?əwəliss
remittance(2);r\ @ m I t @ n s;ɹəmɪtəns
kubin;k j u b i n;kjubin
angeloff(2);{ n dZ i l O: f;æn?ilOːf
tsuneo;t s u n i: @U;tsuniːoʊ
ur(2);U r\;ʊɹ
todhunter;t A d h V n t 3:r;tɑdhʌntɜ:r
southers;s V D 3:r z;sʌðɜ:rz
tomatoes;t @ m eI 4 @U z;təm?ɾoʊz
identifiable;aI d E n t @ f aI @ b @ l;?dɛntəf?əbəl
froberg;f r\ @U b 3:r g;fɹoʊbɜ:rg
bulwark;b U l w 3:r k;bʊlwɜ:rk
faberge;f { b 3:r dZ;fæbɜ:r?
cia;s i: @;siːə
vicari;v i: k A r\ i:;viːkɑɹiː
encata's;E n k A t V z;ɛnkɑtʌz
lochner;l A k n 3:r;lɑknɜ:r
lingg;l I N g;lɪŋg
endometrial;E n d @U m E t r\ i: @ l;ɛndoʊmɛtɹiːəl
individualised;I n d i v I dZ u @ l aI z d;ɪndivɪ?uəl?zd
alaniz;{ l @ n i z;æləniz
stepdaughters;s t E p d O: 4 3:r z;stɛpdOːɾɜ:rz
gilbert's;g I l b 3:r t s;gɪlbɜ:rts
downstairs;d aU n s t E r\ z;d?nstɛɹz
herrle;h E r\ @ l;hɛɹəl
volumes;v A l j u m z;vɑljumz
chaser;tS eI s 3:r;??sɜ:r
ramiro;r\ @ m I r\ @U;ɹəmɪɹoʊ
deductibility;d i d V k t @ b I l @ 4 i:;didʌktəbɪləɾiː
recess(2);r\ i: s E s;ɹiːsɛs
leena;l i: n @;liːnə
baffin's;b { f i n z;bæfinz
warfel;w O: r\ f @ l;wOːɹfəl
kafelnikov;k @ f E l n i k O: f;kəfɛlnikOːf
fabulously;f { b j u l @ s l i:;fæbjuləsliː
maude;m O: d;mOːd
cloudiness;k l aU d i: n i s;kl?diːnis
repulsive;r\ i: p V l s i v;ɹiːpʌlsiv
seel;s i: l;siːl
misha;m I S @;mɪʃə
psychiatrists(3);s @ k aI @ t r\ @ s;sək?ətɹəs
abductors(2);@ b d V k t 3:r z;əbdʌktɜ:rz
wojtas;w OI 4 @ s;w?ɾəs
resident's;r\ E z i d @ n t s;ɹɛzidənts
rothman;r\ O: T m @ n;ɹOːθmən
donkeys;d A N k i: z;dɑŋkiːz
vending;v E n d i N;vɛndiŋ
odeon;@U 4 i: @ n;oʊɾiːən
dunne;d V n;dʌn
thomassen(2);t A m @ s @ n;tɑməsən
boomhower;b u m h @U 3:r;bumhoʊɜ:r
oviedo;@U v i: eI 4 @U;oʊviː?ɾoʊ
smeby;s m i: b i:;smiːbiː
casserole;k { s 3:r @U l;kæsɜ:roʊl
shurtz;S 3:r t s;ʃɜ:rts
hambelton;h @ m b E l t @ n;həmbɛltən
disabling(2);d I s eI b l i N;dɪs?bliŋ
clonts;k l A n t s;klɑnts
vitreous;v I t r\ i: @ s;vɪtɹiːəs
carvell(2);k A r\ v E l;kɑɹvɛl
delashmit;d E l @ S m i t;dɛləʃmit
cat;k { t;kæt
behaves;b i h eI v z;bih?vz
ewoldt;j u @U l t;juoʊlt
cavernous;k { v 3:r n @ s;kævɜ:rnəs
tourmaline;t U r\ m @ l i: n;tʊɹməliːn
centurion;s E n t U r\ i: @ n;sɛntʊɹiːən
hexagonal;h E k s { g @ n @ l;hɛksægənəl
tuohey;t u h eI;tuh?
barnhard;b A r\ n h A r\ d;bɑɹnhɑɹd
rashad;r\ @ S A d;ɹəʃɑd
norsk;n O: r\ s k;nOːɹsk
jazzman;dZ { z m { n;?æzmæn
monfils;m A n f i l z;mɑnfilz
shults;S V l t s;ʃʌlts
bovee;b V v i:;bʌviː
halfhearted;h { f h A r\ 4 i d;hæfhɑɹɾid
vanhove;v { n h V v;vænhʌv
misinforming;m i s i n f O: r\ m i N;misinfOːɹmiŋ
president;p r\ E z @ d E n t;pɹɛzədɛnt
westcoast's;w E s t k @U s t s;wɛstkoʊsts
fluhr(2);f l U r\;flʊɹ
painewebber;p eI n w E b 3:r;p?nwɛbɜ:r
comunale;k @U m u n A l i:;koʊmunɑliː
escalates;E s k @ l eI t s;ɛskəl?ts
oslin;A s l i n;ɑslin
provoked;p r\ @ v @U k t;pɹəvoʊkt
cogburn;k A g b 3:r n;kɑgbɜ:rn
ashcroft;{ S k r\ O: f t;æʃkɹOːft
buday;b u 4 eI;buɾ?
selsor;s E l s 3:r;sɛlsɜ:r
klann;k l { n;klæn
borton;b O: r\ t @ n;bOːɹtən
aramis;E r\ @ m i s;ɛɹəmis
scanty;s k { n t i:;skæntiː
lenzen;l E n z @ n;lɛnzən
aspinwall;{ s p i n w O: l;æspinwOːl
aronson;E r\ @ n s @ n;ɛɹənsən
securities';s i k j U r\ @ 4 i: z;sikjʊɹəɾiːz
ashen;{ S @ n;æʃən
tennessee's;t E n @ s i: z;tɛnəsiːz
mewborn;m j u b 3:r n;mjubɜ:rn
zenia;z eI n i: @;z?niːə
highlighting;h aI l aI 4 i N;h?l?ɾiŋ
granulocyte;g r\ @ n u l @U s aI t;gɹənuloʊs?t
ohlinger;@U l i N 3:r;oʊliŋɜ:r
faneuil;f { n j u i l;fænjuil
sulya;s u l j @;suljə
uplift;V p l i f t;ʌplift
meghdar;m E g d A r\;mɛgdɑɹ
undergarments;V n d 3:r g A r\ m @ n t s;ʌndɜ:rgɑɹmənts
upsurge;V p s 3:r dZ;ʌpsɜ:r?
fracture;f r\ { k tS 3:r;fɹæk?ɜ:r
valencienne;v @ l E n s i: E n;vəlɛnsiːɛn
woollen;w U l @ n;wʊlən
ritcey;r\ I t s i:;ɹɪtsiː
barr's;b A r\ z;bɑɹz
casiano;k A s i: A n @U;kɑsiːɑnoʊ
loopy;l u p i:;lupiː
joffe;dZ A f;?ɑf
crissey;k r\ I s i:;kɹɪsiː
receptacles;r\ i s E p t i k @ l z;ɹisɛptikəlz
episcopalian;i p I s k @ p eI l i: @ n;ipɪskəp?liːən
emil;E m i: l;ɛmiːl
weik;w i: k;wiːk
waterworld;w O: 4 3:r w 3:r l d;wOːɾɜ:rwɜ:rld
sais;s eI z;s?z
mellor;m E l 3:r;mɛlɜ:r
warriors(2);w O: r\ j 3:r z;wOːɹjɜ:rz
azzarello;A t s A r\ E l @U;ɑtsɑɹɛloʊ
marth;m A r\ T;mɑɹθ
pietruszka;p i: t r\ V S k @;piːtɹʌʃkə
disfigurement;d i s f I g j 3:r m E n t;disfɪgjɜ:rmɛnt
burck;b 3:r k;bɜ:rk
stemposts(2);s t E m p @U s s;stɛmpoʊss
skywriting;s k aI r\ aI 4 i N;sk?ɹ?ɾiŋ
evictions;i v I k S @ n z;ivɪkʃənz
mosco;m @U s k @U;moʊskoʊ
toxin;t A k s @ n;tɑksən
lubrizol;l u b r\ i z A l;lubɹizɑl
bohm;b A m;bɑm
exhume;E k s h j u m;ɛkshjum
holtz;h @U l t s;hoʊlts
unsubstantiated;V n s @ b s t { n S i: eI 4 i d;ʌnsəbstænʃiː?ɾid
monopolizing;m @ n A p @ l aI z i N;mənɑpəl?ziŋ
bomba;b A m b @;bɑmbə
chef;S E f;ʃɛf
contrarian;k A n t r\ E r\ i: @ n;kɑntɹɛɹiːən
heirlooms;E r\ l u m z;ɛɹlumz
nudelman;n V 4 @ l m @ n;nʌɾəlmən
cintron;s I n t r\ @ n;sɪntɹən
windon;w I n d @ n;wɪndən
conaway;k A n @ w eI;kɑnəw?
raveling(2);r\ { v l i N;ɹævliŋ
trochmann;t r\ A tS m { n;tɹɑ?mæn
veverka;v eI v E r\ k @;v?vɛɹkə
barakat;b A r\ @ k A t;bɑɹəkɑt
faeces;f i: s i: z;fiːsiːz
engelman;E N g @ l m @ n;ɛŋgəlmən
canfor's;k { n f 3:r z;kænfɜ:rz
fingertips;f I N g 3:r t I p s;fɪŋgɜ:rtɪps
fluctuate;f l V k tS @ w eI t;flʌk?əw?t
nickel;n I k @ l;nɪkəl
creditor;k r\ E 4 @ 4 3:r;kɹɛɾəɾɜ:r
buckholtz;b V k h @U l t s;bʌkhoʊlts
amerine;A m 3:r i: n i:;ɑmɜ:riːniː
crepe;k r\ eI p;kɹ?p
heathcote;h E T k @ t;hɛθkət
ecuadorian;E k w @ d O: r\ i: @ n;ɛkwədOːɹiːən
decisiveness;d i s aI s i v n @ s;dis?sivnəs
lundberg;l V n d b 3:r g;lʌndbɜ:rg
writhing;r\ aI D i N;ɹ?ðiŋ
satoshi;s A t @U S i:;sɑtoʊʃiː
ecker;E k 3:r;ɛkɜ:r
petromineral;p E t r\ @U m I n 3:r @ l;pɛtɹoʊmɪnɜ:rəl
conable;k @U n @ b @ l;koʊnəbəl
stice;s t aI s;st?s
waldner;w O: l d n 3:r;wOːldnɜ:r
bonnette;b @ n E t;bənɛt
mounties;m aU n t i: z;m?ntiːz
evildoers;i: v @ l d u 3:r z;iːvəlduɜ:rz
guerillas;g 3:r I l @ z;gɜ:rɪləz
eyetech;aI t E k;?tɛk
psychotherapist;s aI k @ T E r\ @ p i s t;s?kəθɛɹəpist
harping;h A r\ p i N;hɑɹpiŋ
chetniks;tS E t n i k s;?ɛtniks
schetter;S E 4 3:r;ʃɛɾɜ:r
shui;S u i:;ʃuiː
basurto;b A s U r\ 4 @U;bɑsʊɹɾoʊ
kmart;k eI m A r\ t;k?mɑɹt
reflection(2);r\ i f l E k S @ n;ɹiflɛkʃən
lauder(2);l aU 4 3:r;l?ɾɜ:r
erupts;i r\ V p t s;iɹʌpts
rwanda's(2);r\ u A n d @ z;ɹuɑndəz
carozza;k 3:r A z @;kɜ:rɑzə
turkmenistan;t 3:r k m E n i s t { n;tɜ:rkmɛnistæn
baffa;b { f @;bæfə
korpi;k O: r\ p i:;kOːɹpiː
branchless;b r\ { n tS l @ s;bɹæn?ləs
treadaway;t r\ E 4 @ w eI;tɹɛɾəw?
knowingly;n @U i N l i:;noʊiŋliː
coded;k @U 4 i d;koʊɾid
outmode;aU t m @U d;?tmoʊd
tiedt;t i: d t;tiːdt
soya;s OI @;s?ə
anxiety;{ N z aI @ 4 i:;æŋz?əɾiː
lachenbruch;l { k @ n b r\ u k;lækənbɹuk
talbott;t { l b @ t;tælbət
rudge;r\ V dZ;ɹʌ?
slumped;s l V m p t;slʌmpt
headquarters;h E d k w O: r\ 4 3:r z;hɛdkwOːɹɾɜ:rz
vendome(2);v A n d @U m;vɑndoʊm
ede;i: d;iːd
wandered;w A n d 3:r d;wɑndɜ:rd
jurek(2);j U r\ E k;jʊɹɛk
artwork;A r\ t w 3:r k;ɑɹtwɜ:rk
olasky;@U l { s k i:;oʊlæskiː
powder;p aU 4 3:r;p?ɾɜ:r
confessed;k @ n f E s t;kənfɛst
bender;b E n d 3:r;bɛndɜ:r
yuppies;j V p i: z;jʌpiːz
corina;k O: r\ i: n @;kOːɹiːnə
burkhammer;b 3:r k h @ m 3:r;bɜ:rkhəmɜ:r
preston's;p r\ E s t @ n z;pɹɛstənz
synthesized;s I n T i s aI z d;sɪnθis?zd
monteforte;m @U n t E f O: r\ 4 i:;moʊntɛfOːɹɾiː
unocal's;j u n @ k { l z;junəkælz
han's;h A n z;hɑnz
college;k A l i dZ;kɑli?
swiveling;s w I v @ l i N;swɪvəliŋ
mutualism;m j u tS @ w @ l I z @ m;mju?əwəlɪzəm
eternally;i t 3:r n @ l i:;itɜ:rnəliː
burn;b 3:r n;bɜ:rn
holverson;h A l v 3:r s @ n;hɑlvɜ:rsən
internorth;I n t 3:r n O: r\ T;ɪntɜ:rnOːɹθ
bonaduce(2);b A n @ 4 u s;bɑnəɾus
halving;h { v i N;hæviŋ
this'll;D I s @ l;ðɪsəl
shidler;S aI 4 @ l 3:r;ʃ?ɾəlɜ:r
ruthlessness;r\ u T l @ s n @ s;ɹuθləsnəs
olmo;@U l m @U;oʊlmoʊ
medigap;m E 4 i g { p;mɛɾigæp
dingler(2);d I N g l 3:r;dɪŋglɜ:r
viewer's;v j u 3:r z;vjuɜ:rz
olay;@U l eI;oʊl?
hoag;h @U g;hoʊg
grinage;g r\ I n i dZ;gɹɪni?
hashish(2);h @ S i: S;həʃiːʃ
ansa's;{ n s @ z;ænsəz
keezer;k i: z 3:r;kiːzɜ:r
shimon;S i: m @U n;ʃiːmoʊn
shughart;S V g h A r\ t;ʃʌghɑɹt
hamill;h { m @ l;hæməl
cancellation;k { n s @ l eI S @ n;kænsəl?ʃən
april's;eI p r\ @ l z;?pɹəlz
heckled;h E k @ l d;hɛkəld
rumblings;r\ V m b @ l i N z;ɹʌmbəliŋz
pasque;p { s k;pæsk
awe(2);O:;Oː
fernand(3);f 3:r n A n d;fɜ:rnɑnd
outmaneuvered;aU t m @ n u v 3:r d;?tmənuvɜ:rd
mccranie;m @ k r\ eI n i:;məkɹ?niː
epithelial;E p i T E l j @ l;ɛpiθɛljəl
ripkin;r\ I p k i n;ɹɪpkin
hasidic;h @ s I 4 i k;həsɪɾik
glass;g l { s;glæs
kopas;k @U p @ z;koʊpəz
bullhorn;b U l h O: r\ n;bʊlhOːɹn
levario;l eI v A r\ i: @U;l?vɑɹiːoʊ
fortier's(2);f O: r\ t j 3:r z;fOːɹtjɜ:rz
meriwether;m E r\ i w E D 3:r;mɛɹiwɛðɜ:r
sylvan;s I l v @ n;sɪlvən
jeffus;dZ E f @ s;?ɛfəs
gooley;g u l i:;guliː
reenact;r\ i: i n { k t;ɹiːinækt
parkhurst;p A r\ k h 3:r s t;pɑɹkhɜ:rst
outpaced;aU t p eI s t;?tp?st
sealy;s i: l i:;siːliː
wilcoxen;w i l k A k s @ n;wilkɑksən
mericopa;m E r\ @ k @U p @;mɛɹəkoʊpə
unquestionably;@ n k w E s tS @ n @ b l i:;ənkwɛs?ənəbliː
undressing;@ n d r\ E s i N;əndɹɛsiŋ
watland;w A t l @ n d;wɑtlənd
toussie;t u s i:;tusiː
calf;k { f;kæf
stifling(2);s t aI f @ l i N;st?fəliŋ
grandfather's(2);g r\ { n f A D 3:r z;gɹænfɑðɜ:rz
rabi;r\ A b i:;ɹɑbiː
roubal;r\ u b { l;ɹubæl
zurich's;z U r\ i k s;zʊɹiks
niguel;n i g E l;nigɛl
